{"Acceptor:Acceptor:Acceptor": {"name": "Acceptor:Acceptor:Acceptor", "lower_bound": -2, "upper_bound": 2, "freq": 0.630979, "autopass": false, "alpha": 2.5354624834404165, "loc": -7.488999573123916, "scale": 1.7585973402172623}, "Acceptor:Acceptor:Aliphatic": {"name": "Acceptor:Acceptor:Aliphatic", "lower_bound": -2, "upper_bound": 2, "freq": 0.768714, "autopass": false, "alpha": 1.1019430396612244, "loc": -7.069958396439092, "scale": 1.1832803182213505}, "Acceptor:Acceptor:Aromatic": {"name": "Acceptor:Acceptor:Aromatic", "lower_bound": -2, "upper_bound": 2, "freq": 1.057819, "autopass": false, "alpha": 1.701806818130676, "loc": -7.21782960092828, "scale": 1.738746929066999}, "Acceptor:Acceptor:Donor": {"name": "Acceptor:Acceptor:Donor", "lower_bound": -2, "upper_bound": 2, "freq": 1.479302, "autopass": false, "alpha": 1.4824132441741158, "loc": -6.825739830373739, "scale": 1.3723747109192028}, "Acceptor:Acceptor:NegIonizable": {"name": "Acceptor:Acceptor:NegIonizable", "lower_bound": -2, "upper_bound": 2, "freq": 0.013598, "autopass": false, "alpha": -3.95883555899601, "loc": -6.218078240834629, "scale": 7.02234610231511}, "Acceptor:Acceptor:PosIonizable": {"name": "Acceptor:Acceptor:PosIonizable", "lower_bound": -2, "upper_bound": 2, "freq": 0.165815, "autopass": false, "alpha": 0.6879513759153193, "loc": -8.13610452956153, "scale": 1.2383589806525679}, "Acceptor:Aliphatic:Aliphatic": {"name": "Acceptor:Aliphatic:Aliphatic", "lower_bound": -2, "upper_bound": 2, "freq": 0.23405, "autopass": false, "alpha": -1.359100234680761, "loc": -6.2342884513822305, "scale": 1.5231540365812886}, "Acceptor:Aliphatic:Aromatic": {"name": "Acceptor:Aliphatic:Aromatic", "lower_bound": -2, "upper_bound": 2, "freq": 0.557397, "autopass": false, "alpha": -0.8045956161051684, "loc": -5.708463184844958, "scale": 1.3981667847757044}, "Acceptor:Aliphatic:Donor": {"name": "Acceptor:Aliphatic:Donor", "lower_bound": -2, "upper_bound": 2, "freq": 1.143549, "autopass": false, "alpha": -0.48319010975367005, "loc": -5.845649817464176, "scale": 1.1456096816379655}, "Acceptor:Aliphatic:NegIonizable": {"autopass": true, "name": "Acceptor:Aliphatic:NegIonizable", "lower_bound": -2, "upper_bound": 2, "freq": 0.00575}, "Acceptor:Aliphatic:PosIonizable": {"name": "Acceptor:Aliphatic:PosIonizable", "lower_bound": -2, "upper_bound": 2, "freq": 0.139118, "autopass": false, "alpha": -0.48322216521098343, "loc": -7.032554449731077, "scale": 1.5357840119696107}, "Acceptor:Aromatic:Aromatic": {"name": "Acceptor:Aromatic:Aromatic", "lower_bound": -2, "upper_bound": 2, "freq": 0.37722, "autopass": false, "alpha": 0.6510916161161718, "loc": -7.0118077793051725, "scale": 1.6898530873832842}, "Acceptor:Aromatic:Donor": {"name": "Acceptor:Aromatic:Donor", "lower_bound": -2, "upper_bound": 2, "freq": 1.290646, "autopass": false, "alpha": -0.9312376053369666, "loc": -5.222591373132266, "scale": 1.4207404591057}, "Acceptor:Aromatic:NegIonizable": {"name": "Acceptor:Aromatic:NegIonizable", "lower_bound": -2, "upper_bound": 2, "freq": 0.011716, "autopass": false, "alpha": -5.0, "loc": -7.116792828116286, "scale": 6.191997513945629}, "Acceptor:Aromatic:PosIonizable": {"name": "Acceptor:Aromatic:PosIonizable", "lower_bound": -2, "upper_bound": 2, "freq": 0.174389, "autopass": false, "alpha": -0.5521771002890363, "loc": -6.770497315646422, "scale": 1.5512282077661528}, "Acceptor:Donor:Donor": {"name": "Acceptor:Donor:Donor", "lower_bound": -2, "upper_bound": 2, "freq": 0.831921, "autopass": false, "alpha": 0.45994412811440516, "loc": -6.509959584545081, "scale": 1.1960758193403485}, "Acceptor:Donor:NegIonizable": {"name": "Acceptor:Donor:NegIonizable", "lower_bound": -2, "upper_bound": 2, "freq": 0.015873, "autopass": false, "alpha": -5.0, "loc": -7.331973469039065, "scale": 6.174579000085611}, "Acceptor:Donor:PosIonizable": {"name": "Acceptor:Donor:PosIonizable", "lower_bound": -2, "upper_bound": 2, "freq": 0.204073, "autopass": false, "alpha": -1.5585712400331277, "loc": -6.430741658804576, "scale": 1.5758746586911827}, "Acceptor:NegIonizable:NegIonizable": {"autopass": true, "name": "Acceptor:NegIonizable:NegIonizable", "lower_bound": -2, "upper_bound": 2, "freq": 4.2e-05}, "Acceptor:NegIonizable:PosIonizable": {"autopass": true, "name": "Acceptor:NegIonizable:PosIonizable", "lower_bound": -2, "upper_bound": 2, "freq": 0.001894}, "Acceptor:PosIonizable:PosIonizable": {"name": "Acceptor:PosIonizable:PosIonizable", "lower_bound": -2, "upper_bound": 2, "freq": 0.011684, "autopass": false, "alpha": -5.0, "loc": -7.125045065299995, "scale": 5.370331422896492}, "Aliphatic:Aliphatic:Aliphatic": {"name": "Aliphatic:Aliphatic:Aliphatic", "lower_bound": -2, "upper_bound": 2, "freq": 0.020503, "autopass": false, "alpha": 2.509544020391199, "loc": -9.88196177736577, "scale": 2.8328929416540483}, "Aliphatic:Aliphatic:Aromatic": {"name": "Aliphatic:Aliphatic:Aromatic", "lower_bound": -2, "upper_bound": 2, "freq": 0.050238, "autopass": false, "alpha": -1.6686238537155291, "loc": -6.005606531131204, "scale": 1.9363749558148526}, "Aliphatic:Aliphatic:Donor": {"name": "Aliphatic:Aliphatic:Donor", "lower_bound": -2, "upper_bound": 2, "freq": 0.163836, "autopass": false, "alpha": -1.5757865698742235, "loc": -6.025226546673361, "scale": 1.808048147150123}, "Aliphatic:Aliphatic:NegIonizable": {"autopass": true, "name": "Aliphatic:Aliphatic:NegIonizable", "lower_bound": -2, "upper_bound": 2, "freq": 0.000457}, "Aliphatic:Aliphatic:PosIonizable": {"name": "Aliphatic:Aliphatic:PosIonizable", "lower_bound": -2, "upper_bound": 2, "freq": 0.022216, "autopass": false, "alpha": 1.1984603255833264, "loc": -9.369201106815918, "scale": 2.1541071862424856}, "Aliphatic:Aromatic:Aromatic": {"name": "Aliphatic:Aromatic:Aromatic", "lower_bound": -2, "upper_bound": 2, "freq": 0.062108, "autopass": false, "alpha": -2.621321414158229, "loc": -5.252049874867306, "scale": 2.2160799924968515}, "Aliphatic:Aromatic:Donor": {"name": "Aliphatic:Aromatic:Donor", "lower_bound": -2, "upper_bound": 2, "freq": 0.329192, "autopass": false, "alpha": -2.0418399287363656, "loc": -5.167658359050996, "scale": 1.8405532759577756}, "Aliphatic:Aromatic:NegIonizable": {"autopass": true, "name": "Aliphatic:Aromatic:NegIonizable", "lower_bound": -2, "upper_bound": 2, "freq": 0.001756}, "Aliphatic:Aromatic:PosIonizable": {"name": "Aliphatic:Aromatic:PosIonizable", "lower_bound": -2, "upper_bound": 2, "freq": 0.049177, "autopass": false, "alpha": 1.0538788469551574, "loc": -8.654985853859284, "scale": 2.0961356189260343}, "Aliphatic:Donor:Donor": {"name": "Aliphatic:Donor:Donor", "lower_bound": -2, "upper_bound": 2, "freq": 0.302971, "autopass": false, "alpha": 0.6755851477616801, "loc": -7.115387949623992, "scale": 1.5562587371949634}, "Aliphatic:Donor:NegIonizable": {"autopass": true, "name": "Aliphatic:Donor:NegIonizable", "lower_bound": -2, "upper_bound": 2, "freq": 0.003427}, "Aliphatic:Donor:PosIonizable": {"name": "Aliphatic:Donor:PosIonizable", "lower_bound": -2, "upper_bound": 2, "freq": 0.084819, "autopass": false, "alpha": 0.7657820071668091, "loc": -8.418045285920385, "scale": 1.8388979473033875}, "Aliphatic:NegIonizable:NegIonizable": {"autopass": true, "name": "Aliphatic:NegIonizable:NegIonizable", "lower_bound": -2, "upper_bound": 2, "freq": 1e-05}, "Aliphatic:NegIonizable:PosIonizable": {"autopass": true, "name": "Aliphatic:NegIonizable:PosIonizable", "lower_bound": -2, "upper_bound": 2, "freq": 0.000466}, "Aliphatic:PosIonizable:PosIonizable": {"name": "Aliphatic:PosIonizable:PosIonizable", "lower_bound": -2, "upper_bound": 2, "freq": 0.005828, "autopass": false, "alpha": -5.0, "loc": -5.228629933157762, "scale": 6.343795931265998}, "Aromatic:Aromatic:Aromatic": {"name": "Aromatic:Aromatic:Aromatic", "lower_bound": -2, "upper_bound": 2, "freq": 0.028931, "autopass": false, "alpha": -0.2039380774223145, "loc": -6.591325224801606, "scale": 1.912649117126639}, "Aromatic:Aromatic:Donor": {"name": "Aromatic:Aromatic:Donor", "lower_bound": -2,